json_file	key	lang	old_value	new_value
domica.json	domicaPageTitle	eng	Domica Cave	Domica
domica.json	domicaParagraph1	eng	Domica Cave is part of the more than 30 km long Domica–Baradla cave system, which extends across two countries and is intersected by the state border.\nIt was formed in light Wetterstein limestones in the southwestern part of the Silica Plateau by the erosive activity of the underground Styx River and the Domica Stream.	Domica Cave is part of the more than 30 km long Domica–Baradla cave system, which extends across two countries and is intersected by the state border.\nIt was formed in light Wetterstein limestones in the southwestern part of the Silica Plateau by the erosive activity of the underground Styx and Domický Brook.
domica.json	cap7	eng	Discoverer of Domica Cave, Ján Majko, in Old Domica, 1932	Discoverer of Domica Cave, Ján Majko in Old Domica, 1932
gombasecka.json	gombaseckaPageTitle	eng	Gombasecká Cave	Gombasecká jaskyňa
gombasecka.json	gombaseckaParagraph1	eng	It is located in the western part of the Silica Plateau, approximately 2 km south of the village of Slavec. The cave was formed by the activity of the Čierny Potok stream in Mesozoic limestones of the Silica Plateau.\nTogether with the nearby Silica Ice Cave, it forms part of the extensive Silica–Gombasek underground hydrological system, most of which remains unexplored.	It is located in the western part of the Silica Plateau, approximately 2 km south of the village of Slavec. The cave was formed by the activity of the Čierny Potok stream in Mesozoic limestones of the Silická Plateau.\nTogether with the nearby Silica Ice Cave, it forms part of the extensive Silica–Gombasek underground hydrological system, most of which remains unexplored.
gombasecka.json	gombaseckaInfoOpenSinceValue	eng	1955.0	1955
beke.json	bekePageTitle	eng	Béke Cave	Jaskyňa Béke
dobsinska.json	dobsinskaPageTitle	eng	Dobšinská Ice Cave	Dobšinská ľadová jaskyňa
dobsinska.json	dobsinskaParagraph1	hun	Több mint 110 000 m³ jégtömegével a világ legnagyobb jégtömegű barlangjai közé tartozik. A Sztracenai-barlang kiterjedt rendszerének része. A Hnilec folyó földalatti vízfolyásai alakították ki a középső triász korszakbeli steinalmi és wettersteini mészkövekben, a Szlovák Paradicsom Nemzeti Park délnyugati részében.	Több mint 110 000 m³ jégtömegével a világ legnagyobb jégtömegű barlangjai közé tartozik. A Sztracenai-barlang kiterjedt rendszerének része. A Hnilec folyó földalatti vízfolyásai alakították ki a középső triász korszakbeli Steinalmi és Wettersteini mészkövekben, a Szlovák Paradicsom Nemzeti Park délnyugati részében.
jasovska.json	jasovskaPageTitle	eng	Jasovská Cave	Jasovská jaskyňa
jasovska.json	jasovskaParagraph1	eng	A labyrinth of halls, domes, and passages with a total length of 3,924 metres, located in the Jasov Rock and richly decorated with speleothems.\nThe cave was formed in Middle Triassic Gutenstein dolomites and light Steinalm limestones and dolomites, on the edge of the village of Jasov in the northeastern part of the Slovak Karst National Park.	A labyrinth of halls, domes, and passages with a total length of almost 4 km, located in the Jasovská Rock and richly decorated with speleothems.\nThe cave was formed in Middle Triassic Gutenstein dolomites and light Steinalm limestones and dolomites, on the edge of the village of Jasov in the northeastern part of the Slovak Karst National Park.
jasovska.json	jasovskaParagraph1	hun	A Jászói sziklában található, csaknem 4 km hosszú, gazdag cseppkődíszítéssel rendelkező folyosók, termek és járatok labirintusa, amely a középső triász kori gutensteini dolomitokban, valamint a világos színű steinalmi mészkövekben és dolomitokban alakult ki. Jászó település szélén, a Szlovák-karszt Nemzeti Park északkeleti részén található.	A Jászói sziklában található, csaknem 4 km hosszú, gazdag cseppkődíszítéssel rendelkező folyosók, termek és járatok labirintusa, amely a középső triász kori Gutensteini dolomitokban, valamint a világos színű Steinalmi mészkövekben és dolomitokban alakult ki. Jászó település szélén, a Szlovák-karszt Nemzeti Park északkeleti részén található.
baradla.json	baradlaPageTitle	eng	Baradla Cave	Jaskyňa Baradla
baradla.json	cap7	eng	Main riverbed in the section "Budai-Nagy-Alagút"	Main riverbed in the section Budai-Nagy-Alagút
kossuthova.json	kossuthovaPageTitle	eng	Kossuth Cave	Kossuthova jaskyňa
krasnohorska.json	krasnohorskaPageTitle	eng	Krásnohorská Cave	Krásnohorská jaskyňa
krasnohorska.json	krasnohorskaParagraph1	eng	An active river cave formed by the underground Buzgó stream and its tributaries, which drain the northern part of the largest plateau of the Slovak Karst.\nIt developed along a major tectonic fault in Gutenstein dolomites and partly in light grey Steinalm limestones, at the northern foothills of the Silica Plateau near the village of Krásnohorská Dlhá Lúka.	An active river cave formed by the underground Buzgó stream and its tributaries, which drain the northern part of the largest plateau of the Slovak Karst.\nIt was developed along a major tectonic fault in Gutenstein dolomites and partly in light grey Steinalm limestones, at the northern foothills of the Silica Plateau near Krásnohorská Dlhá Lúka village.
krasnohorska.json	krasnohorskaParagraph1	hun	Aktív folyami barlang, amelyet a Buzgó földalatti folyó és mellékfolyói alakítottak ki. A Szlovák-Karszt legkiterjedtebb fennsíkának északi részéről vezeti el a vizet. A barlang a gutensteini dolomitokban, részben pedig a világosszürke steinalmi mészkövekben, jelentős tektonikai törésvonalán alakult ki. A Szilicei-fennsík északi lábánál található, Várhosszúrét községtől keletre helyezkedik el.	Aktív folyami barlang, amelyet a Buzgó földalatti folyó és mellékfolyói alakítottak ki. A Szlovák-Karszt legkiterjedtebb fennsíkának északi részéről vezeti el a vizet. A barlang a Gutensteini dolomitokban, részben pedig a világosszürke Steinalmi mészkövekben, jelentős tektonikai törésvonalán alakult ki. A Szilicei-fennsík északi lábánál található, Várhosszúrét községtől keletre helyezkedik el.
krasnohorska.json	krasnohorskaParagraph3	eng	After an initial section with little decoration, formed by a long fissure passage known as the Great Canyon, the cave opens into a system of eight massive domes.\nThese spaces feature valuable decoration, including unique eccentric helictites and coral-like formations coated with manganese.\nThe dominant feature of the cave is the Hall of Giants, home to the 34-metre-high Stalagmite of the Rožňava Speleologists, one of the largest speleothem formations in Europe.	After an initial section with little decoration, formed by a long fissure passage known as the Great Canyon, the cave opens into a system of eight massive domes.\nThese spaces feature valuable decoration, including unique eccentric helictites and coral-like formations coated with manganese.\nThe dominant feature of the cave is the Hall of Giants, home to the 34-metre-high Dripstone of Rožňava Cavers, one of the largest speleothem formations in Europe.
krasnohorska.json	krasnohorskaInfoStalagmiteHeightLabel	eng	Height of the stalagmite (largest in the temperate zone)	Height of the stalagnate (largest in the temperate zone)
krasnohorska.json	krasnohorskaInfoOpenSinceValue	eng	2004.0	2004
krasnohorska.json	cap1	eng	Stalagmite of the Rožňava Speleologists in the Hall of Giants	Dripstone of Rožňava Cavers in the Hall of Giants
meteor.json	meteorPageTitle	eng	Meteor Cave	Jaskyňa Meteor
meteor.json	meteorParagraph1	eng	The most important ponor cave of the Dolný vrch Plateau is located approximately 2 km northwest of the village of Bódvaszilas.\nIt was discovered in the summer of 1961 by a group of speleologists from Budapest led by György Dénes.	The most important sinkhole of Lower Hill Plateau is located approximately 2 km northwest of the village of Bódvaszilas.\nIt was discovered in the summer of 1961 by a group of speleologists from Budapest led by György Dénes.
meteor.json	cap1	eng	Hall of Titans, the largest space of the cave	Hall of Titans, the largest chamber of the cave
ochtinska.json	ochtinskaPageTitle	svk	Ochtinská aragonitová jaskyňa	Ochtinská aragonitová jaskyňa
ochtinska.json	ochtinskaPageTitle	eng	Ochtinská Aragonite Cave	Ochtinská aragonitová jaskyňa
ochtinska.json	ochtinskaPageTitle	hun	Ochtinai aragonitbarlang	Ochtinai-aragonit-barlang
ochtinska.json	ochtinskaParagraph1	eng	The most important cave of the Revúca Highlands impresses with its exceptionally diverse and rich decoration formed by aragonite. It is located on the northern slope of Hrádok Hill, between Štítnik and Jelšava. The cave developed within a lens of crystalline limestones and ankerites of Paleozoic age, formed by the corrosive action of percolating waters with a periodically stable underground water level.	The most important cave of the Revúca Highlands impresses with its exceptionally diverse and rich decoration formed by aragonite.\nIt is located on the northern slope of Hrádok Hill, between Štítnik and Jelšava.\nThe cave developed within a lens of crystalline limestones and ankerites of Paleozoic age, formed by the corrosive action of percolating waters with a periodically stable underground water level.
ochtinska.json	ochtinskaParagraph2	eng	The cave was discovered by chance at the end of 1954 by miners during the excavation of an adit as part of geological exploration for iron ore deposits at the Horný Hrádok site. It was opened to the public in 1972. The 230-metre-long tour route is accessed via an artificially excavated adit.	The cave was discovered at the end of 1954 by miners during the excavation of an adit as part of geological exploration for iron ore deposits at the Horný Hrádok.\nIt was opened to the public in 1972.\nThe 230-metre-long tour route is accessed via an artificially excavated adit.
ochtinska.json	ochtinskaParagraph3	eng	The decoration consists of three generations of aragonite. The oldest, kidney-shaped formations are about 140,000 years old; the most abundant and visually striking second generation dates to around 14,000 years, while the youngest is still forming today. Snow-white clusters and bush-like formations of aragonite stand out against a blue-grey marble background. This distinctive decoration is likely the result of unique conditions within the cave’s enclosed underground environment.	The decoration consists of three generations of aragonite. The oldest, kidney-shaped formations are about 140,000 years old; the most abundant and visually striking second generation dates to around 14,000 years, while the youngest is still forming today.\nSnow-white clusters and bush-like formations of aragonite stand out against a blue-grey marble background.\nThis distinctive decoration is likely the result of unique conditions within the cave’s enclosed underground environment.
ochtinska.json	ochtinskaInfoAgeValue	hun	121 000 – 138 000 év	121 000 – 138 000 rokov
ochtinska.json	aut1	eng	Pavol Staník	Pavol Staník
ochtinska.json	aut2	eng	Pavol Staník	Pavol Staník
ochtinska.json	aut3	eng	Pavol Staník	Pavol Staník
ochtinska.json	aut4	eng	Pavol Staník	Pavol Staník
ochtinska.json	aut5	eng	Pavol Staník	Pavol Staník
rakocziho.json	rakoczihoPageTitle	eng	Rákóczi Cave	Rákócziho jaskyňa
silicka.json	silickaPageTitle	eng	Silická Ice Cave	Silická ľadnica
silicka.json	silickaParagraph1	eng	The lowest-altitude ice cave in the temperate climate zone is located in the central part of the Silica Plateau, approximately 1 km west of the village of Silica.\nIt forms part of the extensive Silica–Gombasek cave system, most of which remains unexplored.	The lowest lying ice-filled cave in the temperate climate zone is located in the central part of the Silická Plateau, approximately 1 km west of the village of Silica.\nIt forms part of the extensive Silica–Gombasek cave system, most of which remains unexplored.
silicka.json	silickaInfoLowestAltitudeIceCaveWorldLabel	eng	Lowest-altitude ice cave in the world	The temperate zone`s lowest situated ice-filled cave
imrehovassa.json	imrehovassaPageTitle	eng	Imre Vass Cave	Jaskyňa Imreho Vassa
global.json	InfoLengthLabel	eng	Total cave length	Total length of the cave
global.json	InfoLengthLabel	hun	A barlang teljes hossza	Barlang teljes hossza
global.json	InfoTempLabel	hun	A levegő hőmérséklete	A levegő hőmérséglete
global.json	InfoDepthLabel	hun	Mélység (függőleges kiterjedés)	Mélység (függőleges távolság)
global.json	InfoCountLabel	svk	Počet sprístupnených aragonitových jaskýň na svete	Počet aragonitových jaskýň na svete (sprístupnených)
global.json	InfoCountLabel	eng	Number of accessible aragonite caves in the world	Number of aragonite caves in the world (open to the public)
global.json	InfoCountLabel	hun	A világon látogatható aragonitbarlangok száma	A világon található (látogatható) aragonitbarlangok száma
mapa.json	map1	svk	Najvýraznejšie sú riečne jaskyne vytvorené vodnými tokmi, napríklad jaskynný systém Domica–Baradla, Gombasecká jaskyňa a Krásnohorská jaskyňa. Hlboké korózne priepasti, ako Veľká Žomboj, Zvonivá priepasť či Obrovská priepasť, vznikli rozpúšťaním vápenca presakujúcou vodou v miestach tektonických zlomov. Svetovým unikátom je Ochtinská aragonitová jaskyňa, ktorá vznikla v ankeritoch.	Najvýraznejšie sú riečne jaskyne vytvorené vodnými tokmi, napríklad jaskynný systém Domica–Baradla, Gombasecká jaskyňa a Krásnohorská jaskyňa.\nHlboké korózne priepasti, ako Veľká Žomboj, Zvonivá priepasť či Obrovská priepasť, vznikli rozpúšťaním vápenca presakujúcou vodou v miestach tektonických zlomov.\nSvetovým unikátom je Ochtinská aragonitová jaskyňa, ktorá vznikla v ankeritoch.\n
mapa.json	map1	eng	The most prominent are river caves formed by flowing water, such as the Domica–Baradla cave system, Gombasek Cave, and Krásnohorská Cave. Deep corrosion shafts—such as Veľká Žomboj, Zvonivá Chasm, and Obrovská Chasm—were formed by the dissolution of limestone by percolating water along tectonic faults. A global rarity is the Ochtinská Aragonite Cave, formed in ankerite.	The most prominent are river caves formed by flowing water, such as the Domica–Baradla cave system, Gombasek Cave, and Krásnohorská Cave.\nDeep corrosion shafts—such as Veľká Žomboj, Zvonivá Chasm, and Obrovská Chasm—were formed by the dissolution of limestone by percolating water along tectonic faults.\nA global rarity is the Ochtinská Aragonite Cave, formed in ankerite.\n
mapa.json	map1	hun	Najvýraznejšie sú riečne jaskyne vytvorené vodnými tokmi, napríklad jaskynný systém Domica–Baradla, Gombasecká jaskyňa a Krásnohorská jaskyňa. Hlboké korózne priepasti, ako Veľká Žomboj, Zvonivá priepasť či Obrovská priepasť, vznikli rozpúšťaním vápenca presakujúcou vodou v miestach tektonických zlomov. Svetovým unikátom je Ochtinská aragonitová jaskyňa, ktorá vznikla v ankeritoch.	Najvýraznejšie sú riečne jaskyne vytvorené vodnými tokmi, napríklad jaskynný systém Domica–Baradla, Gombasecká jaskyňa a Krásnohorská jaskyňa.\nHlboké korózne priepasti, ako Veľká Žomboj, Zvonivá priepasť či Obrovská priepasť, vznikli rozpúšťaním vápenca presakujúcou vodou v miestach tektonických zlomov.\nSvetovým unikátom je Ochtinská aragonitová jaskyňa, ktorá vznikla v ankeritoch.\n
mapa.json	map2	svk	Mimoriadne bohatá je aj kvapľová výzdoba. Typické sú brčká v Gombaseckej jaskyni, sintrové štíty a bubny v jaskyni Domica či aragonitové kryštály v Ochtinskej aragonitovej jaskyni. V jaskyniach sa vyskytujú stalaktity, stalagmity, stĺpy, sintrové záclony, náteky, excentrické útvary a sintrové kaskády. Osobitným javom sú jaskyne s celoročnou ľadovou výplňou – Dobšinská ľadová jaskyňa a Silická ľadnica.	Mimoriadne bohatá je aj kvapľová výzdoba. Typické sú brčká v Gombaseckej jaskyni, sintrové štíty a bubny v jaskyni Domica či aragonitové kryštály v Ochtinskej aragonitovej jaskyni.\nV jaskyniach sa vyskytujú stalaktity, stalagmity, stĺpy, sintrové záclony, náteky, excentrické útvary a sintrové kaskády.\nOsobitným javom sú jaskyne s celoročnou ľadovou výplňou – Dobšinská ľadová jaskyňa a Silická ľadnica.
mapa.json	map2	eng	The caves are also exceptionally rich in speleothems. Typical features include soda straws in Gombasek Cave, flowstone shields and drums in Domica Cave, and aragonite crystals in the Ochtinská Aragonite Cave. Stalactites, stalagmites, columns, draperies, flowstone coatings, helictites, and sinter cascades are also common. A special phenomenon is represented by caves with year-round ice formations, such as the Dobšinská Ice Cave and Silica Ice Cave.	The caves are also exceptionally rich in speleothems. Typical features include soda straws in Gombasek Cave, flowstone shields and drums in Domica Cave, and aragonite crystals in the Ochtinská Aragonite Cave.\nStalactites, stalagmites, columns, draperies, flowstone coatings, helictites, and sinter cascades are also common.\nA special phenomenon is represented by caves with year-round ice formations, such as the Dobšinská Ice Cave and Silica Ice Cave.
mapa.json	map3	eng	Cave habitats are home to more than 500 species of true and facultative cave-dwelling animals. The area hosts endemic invertebrates found nowhere else. Bats represent another important group of cave fauna, with key hibernation sites in Domica Cave, Jasovská Cave, and the Dobšinská Ice Cave.	Cave habitats are home to more than 500 species of true and facultative cave-dwelling animals. The area hosts endemic invertebrates found nowhere else.\nBats represent another important group of cave fauna, with key hibernation sites in Domica Cave, Jasovská Cave, and the Dobšinská Ice Cave.
mapa.json	map3	hun	Jaskynné biotopy sú domovom viac než 500 druhov pravých i nepravých jaskynných živočíchov. Vyskytujú sa tu druhy endemických bezstavovcov, ktoré sú známe len z tohto územia. Vzácnou skupinou jaskynných živočíchov sú aj netopiere. Dôležitými zimoviskami sú najmä Domica, Jasovská jaskyňa a Dobšinská ľadová jaskyňa.	A barlangi élőhelyek több mint 500 fajnak adnak otthont, köztük igazi és nem igazi barlangi állatoknak. Itt élnek olyan endemikus gerinctelen fajok, amelyek csak erről a területről ismertek. A denevérek szintén a barlangi állatok ritka csoportját képezik. Fontos telelőhelyek elsősorban a Domica, a Jasovská-barlang és a Dobšinská-jégbarlang.
mapa.json	map4	svk	V Slovenskom krase sa nachádzajú jaskyne s pamiatkami dokumentujúcimi vývoj viacerých kultúr pravekého človeka. Mimoriadny význam majú najmä stopy po osídlení roľníkov z mladšej doby kamennej – ľudu bukovohorskej kultúry, doložené v jaskyni Domica, Ardovskej jaskyni a Silickej ľadnici. V mnohých ďalších jaskyniach boli objavené početné nálezy z neskorej doby bronzovej, doby železnej, halštatskej doby aj zo stredoveku. Charakteristickým prvkom sú jaskynné obetiská ľudu kyjatickej kultúry.	Jaskyne Slovenského krasu majú významné postavenie aj z hľadiska archeológie. Doklady osídlenia siahajú až do mladšej doby kamennej – napríklad bukovohorská kultúra je doložená v jaskyni Domica, Ardovskej jaskyni a Silickej ľadnici. Z ďalších období pochádzajú nálezy z doby bronzovej, vrátane jaskynných obetísk kyjatickej kultúry, z doby železnej aj zo stredoveku.
mapa.json	map4	eng	The Slovak Karst contains caves with archaeological evidence documenting the development of several prehistoric cultures. Particularly significant are traces of Neolithic farmers of the Bükk culture, identified in Domica Cave, Ardovská Cave, and Silica Ice Cave.Numerous finds from the Late Bronze Age, the Iron Age, the Hallstatt period, and the Middle Ages have also been discovered in many other caves. A characteristic feature is the presence of cave sanctuaries associated with the Kyjatice culture.	The caves of the Slovak Karst also hold significant importance from an archaeological perspective. Evidence of human settlement dates back to the Neolithic period—for example, the Bükk culture has been documented in Domica Cave, Ardovská Cave, and Silická Ice Cave. Finds from other periods include those from the Bronze Age, including cave sacrificial sites of the Kyjatice culture, as well as from the Iron Age and the Middle Ages.
mapa.json	map4	hun	V Slovenskom krase sa nachádzajú jaskyne s pamiatkami dokumentujúcimi vývoj viacerých kultúr pravekého človeka. Mimoriadny význam majú najmä stopy po osídlení roľníkov z mladšej doby kamennej – ľudu bukovohorskej kultúry, doložené v jaskyni Domica, Ardovskej jaskyni a Silickej ľadnici. V mnohých ďalších jaskyniach boli objavené početné nálezy z neskorej doby bronzovej, doby železnej, halštatskej doby aj zo stredoveku. Charakteristickým prvkom sú jaskynné obetiská ľudu kyjatickej kultúry.	A Szlovák-Karszt barlangjai régészeti szempontból is jelentős szerepet töltenek be. A településnyomok egészen a késő újkőkorig nyúlnak vissza – például a bükki kultúra jelenlétét a Domica-barlangban, az Ardóoi-barlangban és a Szilicei-jégbarlangban is igazolták. A későbbi korszakokból származnak a bronzkori leletek, beleértve a kiétei kultúra barlangi áldozati helyeit, valamint a vaskorból és a középkorból származó leleteket.
mapa.json	mapPageTitle	hun	A Szlovák és Aggteleki-karszt barlangjai	A Szlovák és Aggteleki-karszt barlangjai 
mapa.json	ochotnicka	svk	Ochtinská aragonitová jaskyňa	Ochtinská aragonitová jaskyňa
mapa.json	ochotnicka	eng	Ochtinská Aragonite Cave	Ochtinská aragonitová jaskyňa
mapa.json	ochotnicka	hun	Ochtinai aragonitbarlang	Ochtinai-aragonit-barlang
mapa.json	domica	eng	Domica Cave	Domica
mapa.json	gombasecka	svk	Gombasecká jaskyňa	Gombasecká jaskyňa
mapa.json	gombasecka	eng	Gombasek Cave	Gombasecká jaskyňa
mapa.json	jasovska	svk	Jasovská jaskyňa	Jasovská jaskyňa
mapa.json	jasovska	eng	Jasov Cave	Jasovská jaskyňa
mapa.json	krasnohorska	svk	Krásnohorská jaskyňa	Krásnohorská jaskyňa
mapa.json	krasnohorska	eng	Krásnohorská Cave	Krásnohorská jaskyňa
mapa.json	krasnohorska	hun	Krásnohorská-barlang	Buzgó-barlang
mapa.json	silicka	svk	Silická ľadnica	Silická ľadnica
mapa.json	silicka	eng	Silica Ice Cave	Silická ľadnica
mapa.json	silicka	hun	Szilicsei-jégbarlang	Szilicei-jégbarlang
mapa.json	baradla	eng	Baradla Cave	Jaskyňa Baradla
mapa.json	imreho	eng	Vass Imre Cave	Jaskyňa Imreho Vassa
mapa.json	rakocziho	eng	Rákóczi Cave	Rákócziho jaskyňa
mapa.json	beke	eng	Béke Cave	Jaskyňa Béke
mapa.json	kossuthova	eng	Kossuth Cave	Kossuthova jaskyňa
mapa.json	meteor	eng	Meteor Cave	Jaskyňa Meteor
translation.json	map1	svk	Slovenský kras je jedinečným príkladom dobre vyvinutého planinového krasu, ktorý v regióne strednej Európe nemá obdoby. Vo vápencoch a dolomitoch územia sa vyskytujú všetky druhy krasových javov, nájdeme tu početné škrapy, závrty, slepé doliny, tiesňavy, kaňony a viac ako 1400 jaskýň.	Najvýraznejšie sú riečne jaskyne vytvorené vodnými tokmi, napríklad jaskynný systém Domica–Baradla, Gombasecká jaskyňa a Krásnohorská jaskyňa.\nHlboké korózne priepasti, ako Veľká Žomboj, Zvonivá priepasť či Obrovská priepasť, vznikli rozpúšťaním vápenca presakujúcou vodou v miestach tektonických zlomov.\nSvetovým unikátom je Ochtinská aragonitová jaskyňa, ktorá vznikla v ankeritoch.\n
translation.json	map1	eng	The Slovak Karst is a unique example of a well-developed plateau karst, unmatched in the Central European region. In the limestones and dolomites of the area, all kinds of karst phenomena occur, including numerous karren fields, sinkholes, blind valleys, gorges, canyons, and more than 1,400 caves.	The most prominent are river caves formed by flowing water, such as the Domica–Baradla cave system, Gombasek Cave, and Krásnohorská Cave.\nDeep corrosion shafts—such as Veľká Žomboj, Zvonivá Chasm, and Obrovská Chasm—were formed by the dissolution of limestone by percolating water along tectonic faults.\nA global rarity is the Ochtinská Aragonite Cave, formed in ankerite.\n
translation.json	map1	hun	IDE MADARSKY PREKLAD 1	Najvýraznejšie sú riečne jaskyne vytvorené vodnými tokmi, napríklad jaskynný systém Domica–Baradla, Gombasecká jaskyňa a Krásnohorská jaskyňa.\nHlboké korózne priepasti, ako Veľká Žomboj, Zvonivá priepasť či Obrovská priepasť, vznikli rozpúšťaním vápenca presakujúcou vodou v miestach tektonických zlomov.\nSvetovým unikátom je Ochtinská aragonitová jaskyňa, ktorá vznikla v ankeritoch.\n
translation.json	map2	svk	Ich mimoriadna rozmanitosť, veľká koncentrácia javov na malom priestore a unikátnosť je ojedinelá aj v celosvetovom meradle.	Mimoriadne bohatá je aj kvapľová výzdoba. Typické sú brčká v Gombaseckej jaskyni, sintrové štíty a bubny v jaskyni Domica či aragonitové kryštály v Ochtinskej aragonitovej jaskyni.\nV jaskyniach sa vyskytujú stalaktity, stalagmity, stĺpy, sintrové záclony, náteky, excentrické útvary a sintrové kaskády.\nOsobitným javom sú jaskyne s celoročnou ľadovou výplňou – Dobšinská ľadová jaskyňa a Silická ľadnica.
translation.json	map2	eng	Their extraordinary diversity, high concentration of features in a small area, and uniqueness are exceptional even on a global scale.	The caves are also exceptionally rich in speleothems. Typical features include soda straws in Gombasek Cave, flowstone shields and drums in Domica Cave, and aragonite crystals in the Ochtinská Aragonite Cave.\nStalactites, stalagmites, columns, draperies, flowstone coatings, helictites, and sinter cascades are also common.\nA special phenomenon is represented by caves with year-round ice formations, such as the Dobšinská Ice Cave and Silica Ice Cave.
translation.json	map2	hun	IDE MADARSKY PREKLAD 2	Rendkívül gazdag a cseppkődíszítés is. Jellegzetesek a Gombaszögi-barlangban található szalmacseppkövek, a Domica-barlangban található cseppkőpajzsok és -dobok, valamint az Ochtinai-aragonit-barlang aragonitkristályai. A barlangokban függőcseppkövek, cseppkőoszlopok, cseppkőfüggönyök, cseppkőfolyások, excentrikus képződmények és cseppkőkaszkádok is előfordulnak. Különleges jelenséget képviselnek az egész évben jéggel teli barlangok – a Dobsinai-jégbarlang és a Szilicei-jégbarlang.
translation.json	map3	svk	Medzinárodné ocenenie jaskýň Slovenského a Aggteleckého krasu nás preto zaväzuje zachovávať, prezentovať a odovzdávať tieto jedinečné prírodné hodnoty ďalším generáciám.	Jaskynné biotopy sú domovom viac než 500 druhov pravých i nepravých jaskynných živočíchov. Vyskytujú sa tu druhy endemických bezstavovcov, ktoré sú známe len z tohto územia. Vzácnou skupinou jaskynných živočíchov sú aj netopiere. Dôležitými zimoviskami sú najmä Domica, Jasovská jaskyňa a Dobšinská ľadová jaskyňa.
translation.json	map3	eng	The international recognition of the caves of the Slovak and Aggtelek Karst therefore obliges us to preserve, present, and pass on these unique natural values to future generations.	Cave habitats are home to more than 500 species of true and facultative cave-dwelling animals. The area hosts endemic invertebrates found nowhere else.\nBats represent another important group of cave fauna, with key hibernation sites in Domica Cave, Jasovská Cave, and the Dobšinská Ice Cave.
translation.json	map3	hun	IDE MADARSKY PREKLAD 3	A barlangi élőhelyek több mint 500 fajnak adnak otthont, köztük igazi és nem igazi barlangi állatoknak. Itt élnek olyan endemikus gerinctelen fajok, amelyek csak erről a területről ismertek. A denevérek szintén a barlangi állatok ritka csoportját képezik. Fontos telelőhelyek elsősorban a Domica, a Jasovská-barlang és a Dobšinská-jégbarlang.
translation.json	mapPageTitle	hun	A Szlovák és Aggteleki-karszt barlangjai	A Szlovák és Aggteleki-karszt barlangjai 
translation.json	ochotnicka	svk	Ochtinská aragonitová jaskyňa	Ochtinská aragonitová jaskyňa
translation.json	ochotnicka	eng	Ochtinská Aragonite Cave	Ochtinská aragonitová jaskyňa
translation.json	ochotnicka	hun	Ochtinai aragonitbarlang	Ochtinai-aragonit-barlang
translation.json	domica	eng	Domica Cave	Domica
translation.json	gombasecka	svk	Gombasecká jaskyňa	Gombasecká jaskyňa
translation.json	gombasecka	eng	Gombasek Cave	Gombasecká jaskyňa
translation.json	jasovska	svk	Jasovská jaskyňa	Jasovská jaskyňa
translation.json	jasovska	eng	Jasov Cave	Jasovská jaskyňa
translation.json	krasnohorska	svk	Krásnohorská jaskyňa	Krásnohorská jaskyňa
translation.json	krasnohorska	eng	Krásnohorská Cave	Krásnohorská jaskyňa
translation.json	krasnohorska	hun	Krásnohorská-barlang	Buzgó-barlang
translation.json	silicka	svk	Silická ľadnica	Silická ľadnica
translation.json	silicka	eng	Silica Ice Cave	Silická ľadnica
translation.json	silicka	hun	Szilicsei-jégbarlang	Szilicei-jégbarlang
translation.json	caveTitle	hun	Domica	Domica-barlang
translation.json	infoLengthValue	svk	5 368 m	vyše 10 km
translation.json	infoLengthValue	eng	5,368 m	over 10 km
translation.json	infoLengthValue	hun	5 368 m	több mint 10 km
translation.json	infoBoatLabel	eng	Boat ride length on the Styx stream	Length of the boat trip on the Styx River
translation.json	infoBoatLabel	hun	A Styx föld alatti patakon tett csónakázás hossza	A Styx-folyón való hajózás hossza
translation.json	infoSettlementLabel	hun	Őskori emberi megtelepedés	Az őskori ember lakta
translation.json	infoSettlementValue	hun	5 000 – 6 000 évvel ezelőtt	5 000 – 6 000 éve
translation.json	infoBatsValue	svk	16	16 druhov
translation.json	infoBatsValue	eng	16	16 species
translation.json	infoBatsValue	hun	16	16 faj
translation.json	paragraph1	svk	Jeden z najrozsiahlejších a najvýznamnejších jaskynných systémov Slovenského krasu sa nachádza v južnej časti Silickej planiny, v blízkosti štátnej hranice s Maďarskom. Celková dĺžka Domice spolu s jaskyňou Baradla v Aggteleckom krase presahuje 30 km. Vytvorená bola v svetlých wettersteinských vápencoch eróznou činnosťou podzemného toku Styx a jeho prítokov.	Domica je súčasťou viac než 30 km dlhého jaskynného systému Domica – Baradla, ktorý zasahuje do územia dvoch štátov a prechádza ním štátna hranica. Vytvorená bola v svetlých wettersteinských vápencoch v juhozápadnej časti Silickej planiny eróznou činnosťou podzemného toku Styx a Domického potoka.
translation.json	paragraph1	eng	One of the largest and most important cave systems of Slovak Karst is located in the southern part of the Silica Plateau, near the state border with Hungary. The total length of Domica together with the Baradla Cave in the Aggtelek Karst exceeds 30 km. It was formed in light Wetterstein limestones by the erosive activity of the underground Styx stream and its tributaries.	Domica Cave is part of the more than 30 km long Domica–Baradla cave system, which extends across two countries and is intersected by the state border.\nIt was formed in light Wetterstein limestones in the southwestern part of the Silica Plateau by the erosive activity of the underground Styx and Domický Brook.
translation.json	paragraph1	hun	A Szlovák-karszt egyik legkiterjedtebb és legjelentősebb barlangrendszere a Szilicei-fennsík déli részén, a magyar államhatár közelében található. A Domica-barlang teljes hossza az Aggteleki-karsztban található Baradla-barlanggal együtt meghaladja a 30 km-t. Világos wettersteini mészkőben alakult ki a Styx föld alatti vízfolyásának és mellékágainak eróziós tevékenysége révén.	A Domica-barlang a több mint 30 km hosszú Domica–Baradla barlangrendszer része, amely két ország területére terjed ki, és amelyen keresztülhalad az államhatár. A barlang a Szilicei-fennsík délnyugati részén, világos Wettersteini mészkőben alakult ki a Styx földalatti folyó és a Domica-patak eróziós hatásának eredményeként.
translation.json	paragraph2	svk	Domicu objavil Ján Majko v roku 1926, verejnosti je sprístupnená od roku 1932. Mimoriadnu kultúrnu hodnotu tejto jaskyne predstavujú početné archeologické nálezy a nástenné maľby z obdobia praveku, ktoré ostali po zavalení vstupného vchodu zakonzervované až do objavenia jaskyne. Ide o najbohatšie nálezisko predmetov z obdobia bukovohorskej kultúry na území Slovenska.	Jaskyňu Domica objavil Ján Majko v roku 1926, verejnosti je sprístupnená od roku 1932. Mimoriadnu kultúrnu hodnotu tejto jaskyne predstavujú početné archeologické nálezy a nástenné maľby, najmä z mladšej doby kamennej, ktoré ostali po zavalení vstupného vchodu zakonzervované až do objavenia jaskyne. Ide o najbohatšie nálezisko predmetov z obdobia bukovohorskej kultúry na území Slovenska.
translation.json	paragraph2	eng	Domica was discovered by Ján Majko in 1926 and has been open to the public since 1932. The cave has exceptional cultural value thanks to numerous archaeological finds and prehistoric wall paintings, which remained preserved after the entrance collapsed until the cave was discovered. It is the richest site of artifacts of the Bükk culture in Slovakia.	Domica Cave was discovered by Ján Majko in 1926 and has been open to the public since 1932. Its exceptional cultural value lies in numerous archaeological finds and wall paintings, mainly from the Neolithic period, which were preserved after the original entrance became blocked and remained intact until the cave’s discovery.\nIt represents the richest site of Bükk culture artefacts in Slovakia.
translation.json	paragraph2	hun	A Domicát Ján Majko fedezte fel 1926-ban, és 1932 óta látogatható a nagyközönség számára. Különleges kulturális értékét a számos őskori régészeti lelet és falfestmény adja, amelyek a bejárat beomlása után konzerválódtak egészen a barlang felfedezéséig. Ez a Bükk-kultúra emlékeinek leggazdagabb lelőhelye Szlovákia területén.	A Domica-barlangot Ján Majko fedezte fel 1926-ban, a nyilvánosság számára 1932 nyitották meg. A barlang rendkívüli kulturális értékét a számos őskori régészeti lelet és falfestmény adja, amelyek a bejárat beomlása után a barlang felfedezéséig érintetlenül megmaradtak. A Domica-barlang a bükki kultúra leggazdagabb lelőhelye Szlovákia területén.
translation.json	paragraph3	svk	Charakteristická je bohatou výzdobou s jedinečnými sintrovými kaskádami, štítmi a bubnami, veľkou početnosťou jazierok druhov živočíchov, zároveň je dôležitým zimoviskom 16 druhov netopierov. Ako jediná z jaskýň svetového dedičstva je zároveň Ramsarskou lokalitou – podzemnou mokraďou medzinárodného významu. Pre návštevníkov je raritou možnosť plavby v člnoch podzemným tokom Styx.	Charakteristická je bohatou výzdobou s jedinečnými sintrovými kaskádami, štítmi a bubnami, veľkou početnosťou endemických druhov živočíchov a zároveň je dôležitým zimoviskom 16 druhov netopierov. Ako jediná z jaskýň svetového dedičstva je zároveň Ramsarskou lokalitou – podzemnou mokraďou medzinárodného významu. Pre návštevníkov je raritou možnosť plavby v člnoch podzemným tokom Styx v čase priaznivej hydrologickej situácie.
translation.json	paragraph3	eng	It is characterized by rich decoration with unique sinter cascades, shields and drum-shaped formations, numerous small lakes and diverse cave fauna, while also serving as an important wintering site for 16 bat species. As the only cave on the World Heritage list, it is also a Ramsar site — an underground wetland of international importance. A special attraction for visitors is the possibility of a boat ride on the underground Styx stream.	It is distinguished by its rich decoration, featuring unique flowstone cascades, shields, and drums, as well as a high diversity of endemic animal species. The cave also serves as an important hibernation site for 16 species of bats.\nAs the only cave within the World Heritage site, it is also designated as a Ramsar site—a wetland of international importance.\nA rare visitor experience is the opportunity to take a boat trip along the underground Styx River, when hydrological conditions allow.
translation.json	paragraph3	hun	A barlangot gazdag cseppkődíszítés, egyedülálló cseppkőkaskádok, pajzsok és dobformák, valamint sok kis tó és változatos élővilág jellemzi, egyben 16 denevérfaj fontos telelőhelye. A világörökségi barlangok közül egyedüliként Ramsari terület is – nemzetközi jelentőségű föld alatti vizes élőhely. A látogatók számára különlegesség a Styx föld alatti ágán történő csónakázás lehetősége.	Jellegzetessége a gazdag cseppkődíszítés, amely egyedülálló cseppkő-kaskádokkal, cseppkőpajzsokkal és cseppkődobokkal büszkélkedhet, valamint az endemikus állatfajok nagy száma, emellett 16 denevérfaj fontos telelőhelye. A világörökséghez tartozó barlangok közül egyedüliként Ramsari terület is – nemzetközi jelentőségű földalatti vizes élőhely. A látogatók számára ritka élményt jelent a Styx földalatti patakon való csónakázás.
translation.json	dobsinskaPageTitle	svk	Dobšinská ľadová jaskyňa	Dobšinská ľadová jaskyňa
translation.json	dobsinskaPageTitle	eng	Dobšinská Ice Cave	Dobšinská ľadová jaskyňa
translation.json	dobsinskaPageTitle	hun	Dobsinai jégbarlang	Dobsinai-jégbarlang
translation.json	dobsinskaParagraph1	svk	Objemom ľadu viac ako 110 000 m³ jedna z najvýznamnejších ľadových jaskýň sveta. Tvorí súčasť rozsiahlejšieho systému Stratenskej jaskyne. Vytvorená bola v strednotriasových steinalmských a wettersteinských vápencoch podzemnými tokmi rieky Hnilec v juhozápadnej časti Národného parku Slovenský raj.	S viac ako 110 000 m³ ľadu patrí k jaskyniam s najväčším objemom ľadu na svete. Tvorí súčasť rozsiahlejšieho systému Stratenskej jaskyne. Vytvorená bola v strednotriasových steinalmských a wettersteinských vápencoch podzemnými tokmi rieky Hnilec v juhozápadnej časti Národného parku Slovenský raj.
translation.json	dobsinskaParagraph1	eng	With more than 110,000 m³ of ice, it is one of the most important ice caves in the world. It is part of the larger Stratenská Cave system. It was formed in Middle Triassic Steinalm and Wetterstein limestones by underground streams of the Hnilec River in the southwestern part of the Slovak Paradise National Park.	With more than 110,000 m³ of ice, it ranks among the caves with the largest ice volume in the world. It forms part of the extensive Stratenská Cave system.\nThe cave was formed in Middle Triassic Steinalm and Wetterstein limestones by underground streams of the Hnilec River, in the southwestern part of the Slovak Paradise National Park.
translation.json	dobsinskaParagraph1	hun	Több mint 110 000 m³ jégtömegével a világ egyik legjelentősebb jégbarlangja. A Stratenai-barlangrendszer része. A középső triász kori steinalmi és wettersteini mészkövekben alakult ki a Hnilec folyó föld alatti vízfolyásai által a Szlovák Paradicsom Nemzeti Park délnyugati részén.	Több mint 110 000 m³ jégtömegével a világ legnagyobb jégtömegű barlangjai közé tartozik. A Sztracenai-barlang kiterjedt rendszerének része. A Hnilec folyó földalatti vízfolyásai alakították ki a középső triász korszakbeli Steinalmi és Wettersteini mészkövekben, a Szlovák Paradicsom Nemzeti Park délnyugati részében.
translation.json	dobsinskaParagraph2	svk	Jaskyňu objavila v roku 1870 skupina z Dobšinej pod vedením Eugena Ruffinyho. Už o rok neskôr sa ju podarilo sprístupniť a koncom 19. storočia bola jednou z prvých elektricky osvetlených jaskýň na svete. V tomto období bola častým cieľom návštevníkov, vrátane viacerých významných svetových osobností a organizovali sa v nej letné korčuľovania. Súčasťou svetového prírodného dedičstva sa stala v roku 2000 po rozšírení pôvodnej nominácie. Z celkovej dĺžky jaskyne 1 491 m tvorí dĺžka sprístupnenej časti 475 m.	Jaskyňu objavila v roku 1870 skupina z Dobšinej pod vedením Eugena Ruffinyiho. Už o rok neskôr sa ju podarilo sprístupniť a koncom 19. storočia bola jednou z prvých elektricky osvetlených jaskýň na svete. V tomto období bola častým cieľom návštevníkov, vrátane viacerých významných svetových osobností a organizovali sa v nej letné korčuľovania. Súčasťou Svetového prírodného dedičstva sa stala v roku 2000 po rozšírení pôvodnej nominácie. Pre návštevníkov je sprístupnených 475 m.
translation.json	dobsinskaParagraph2	eng	The cave was discovered in 1870 by a group from Dobšiná led by Eugen Ruffiny. Just one year later it was opened to the public, and by the end of the 19th century it became one of the first electrically lit caves in the world. During this period it was a popular destination, visited by many notable personalities, and even summer ice skating events were held there. It became part of the World Natural Heritage in 2000 after the original nomination was extended. Of the total length of 1,491 m, 475 m is accessible.	The cave was discovered in 1870 by a group from Dobšiná led by Eugen Ruffinyi. Just a year later, it was opened to the public, and by the end of the 19th century it had become one of the first electrically lit caves in the world.\nAt that time, it was a popular destination for visitors, including notable figures from across the world, and even hosted summer ice skating events.\nIt became part of the UNESCO World Natural Heritage in 2000, following an extension of the original inscription. Today, 475 metres of the cave are accessible to visitors.
translation.json	dobsinskaParagraph2	hun	A barlangot 1870-ben fedezte fel egy dobsinai csoport Eugen Ruffiny vezetésével. Már egy évvel később megnyitották a látogatók előtt, és a 19. század végén a világ egyik első elektromosan megvilágított barlangja volt. Ebben az időszakban sok látogatót vonzott, köztük jelentős világszemélyiségeket, és nyári korcsolyázásokat is rendeztek benne. 2000-ben, a jelölés bővítése után a világörökség részévé vált. A barlang teljes hossza 1 491 m, ebből 475 m látogatható.	A barlangot 1870-ben fedezte fel egy Dobsinából érkezett, Ruffinyi Jenő által vezetett csoport. Már egy évvel később sikerült látogathatóvá tenni, és a 19. század végén a világ egyik első villanyvilágítású barlangja volt. Ebben az időszakban gyakori célpontja volt a látogatóknak, köztük számos korabeli jelentős személyiség is meglátogatta és nyári korcsolyázásokat is szerveztek benne. 2000-ben, az eredeti jelölés kiterjesztése után vált a világörökség részévé. A barlang teljes hosszából 475 m látogatható.
translation.json	dobsinskaParagraph3	svk	Mohutná dutina vzniknutá preborením stropov jaskyne bola v období štvrtohôr zaľadnená zamŕzaním presakujúcich zrážkových vôd. Vznikla tak rozsiahla výplň vo forme podlahového ľadu, ľadopádov a ľadových stalagmitov. Významné zimovisko vzácnych druhov netopierov, zistila sa tu prítomnosť až 12 druhov.	Mohutná dutina, vzniknutá preborením stropov jaskyne, bola v období štvrtohôr zaľadnená zamŕzaním presakujúcich zrážkových vôd. Vznikla tak rozsiahla výplň vo forme podlahového ľadu, ľadopádov a ľadových stalagmitov. Ide o významné zimovisko vzácnych druhov netopierov, zistená bola prítomnosť až 12 druhov.
translation.json	dobsinskaParagraph3	eng	The massive cavity formed by the collapse of the cave ceiling was filled with ice during the Quaternary period due to the freezing of infiltrating precipitation water. This created extensive ice formations including floor ice, icefalls, and ice stalagmites. It is an important wintering site for rare bat species, with up to 12 species recorded.	A large chamber, formed by the collapse of cave ceilings, became glaciated during the Quaternary period as percolating precipitation water froze. This process created an extensive ice fill in the form of floor ice, icefalls, and ice stalagmites.\nThe cave also serves as an important hibernation site for rare bat species, with up to 12 species recorded.
translation.json	dobsinskaParagraph3	hun	A hatalmas üreg a barlang mennyezetének beszakadásával jött létre, majd a negyedidőszakban a beszivárgó csapadékvizek megfagyásával jegesedett el. Így alakult ki a kiterjedt jégtakaró, jégzuhatagok és jégsztalagmitok. Jelentős telelőhely ritka denevérfajok számára, ahol akár 12 faj jelenlétét is kimutatták.	A barlang mennyezetének beomlásával keletkezett hatalmas üreg a kvartér időszakban a beszivárgó csapadékvíz befagyásával jégtakaróval borult be. Így jött létre egy kiterjedt kitöltés padlójég, jégcsapok és jégcsapok formájában. Ez egy jelentős telelőhely ritka denevérfajok számára, akár 12 faj jelenlétét is megállapították.
translation.json	dobsinskaInfoLengthValue	svk	1 483 m	1 491 m
translation.json	dobsinskaInfoLengthValue	eng	1,483 m	1 491 m
translation.json	dobsinskaInfoLengthValue	hun	1 483 m	1 491 m
translation.json	dobsinskaInfoTempValue	svk	−3,9 až +0,2 °C	−3,9 až 0,2 °C 
translation.json	dobsinskaInfoTempValue	eng	−3.9 to +0.2 °C	−3,9 – 0,2 °C
translation.json	dobsinskaInfoTempValue	hun	−3,9 – +0,2 °C	-3,9 – 0,2 °C
translation.json	dobsinskaInfoIceVolumeLabel	eng	Volume of ice in the cave	Maximum ice thickness
translation.json	dobsinskaInfoIceVolumeLabel	hun	A jég térfogata a barlangban	A jég mennyisége a barlangban
translation.json	dobsinskaInfoIceVolumeValue	eng	110,100 m³	110 100 m³
translation.json	gombaseckaPageTitle	svk	Gombasecká jaskyňa	Gombasecká jaskyňa
translation.json	gombaseckaPageTitle	eng	Gombasek Cave	Gombasecká jaskyňa
translation.json	gombaseckaParagraph1	svk	Nachádza sa v západnej časti Silickej planiny približne 2 km južne od obce Slavec. Vznikla činnosťou Čierneho potoka v druhohorných vápencoch Silickej planiny. Spolu s blízkou Silickou ľadnicou je súčasťou rozsiahleho Silicko-gombaseckého jaskynného systému, ktorého väčšia časť je zatiaľ neznáma.	Nachádza sa v západnej časti Silickej planiny približne 2 km južne od obce Slavec. Vznikla činnosťou Čierneho potoka v druhohorných vápencoch Silickej planiny. Spolu s blízkou Silickou ľadnicou je súčasťou rozsiahleho silicko-gombaseckého podzemného hydrologického systému, ktorého väčšia časť je zatiaľ neznáma.
translation.json	gombaseckaParagraph1	eng	It is located in the western part of the Silica Plateau, about 2 km south of the village of Slavec. It was formed by the activity of the Čierny Potok stream in the Mesozoic limestones of the Silica Plateau. Together with the nearby Silica Ice Cave, it is part of the extensive Silica–Gombasek cave system, most of which still remains unknown.	It is located in the western part of the Silica Plateau, approximately 2 km south of the village of Slavec. The cave was formed by the activity of the Čierny Potok stream in Mesozoic limestones of the Silická Plateau.\nTogether with the nearby Silica Ice Cave, it forms part of the extensive Silica–Gombasek underground hydrological system, most of which remains unexplored.
translation.json	gombaseckaParagraph1	hun	A Szilicei-fennsík nyugati részén található, mintegy 2 km-re délre Szalóc községtől. A Fekete-patak tevékenysége alakította ki a Szilicei-fennsík mészkövében. A közeli Szilicsei-jégbarlanggal együtt a kiterjedt Szilice–gombaszögi barlangrendszer része, amelynek nagyobb része ma még ismeretlen.	A Szilicei-fennsík nyugati részén, Szalóctól körülbelül 2 km-re délre található. A fennsík középidői mészköveiben a Fekete-patak eróziós hatásának eredményeként alakult ki. A közeli Szilicei-jégbarlanggal együtt a kiterjedt Szilicei–Gombaszögi földalatti hidrológiai rendszer részét képezi, amelynek nagy része egyelőre ismeretlen.
translation.json	gombaseckaParagraph2	svk	Gombasecká jaskyňa bola prvým významným objavom skupiny dobrovoľných jaskyniarov z Rožňavy. Objavitelia pod vedením Viliama Rozložníka, Ladislava Herényiho st. a Štefana Rodu prehĺbili riečisko Čiernej vyvieračky a po znížení hladiny vody sa 21. novembra 1951 dostali do podzemných priestorov s bohatou výzdobou. Pre návštevníkov je sprístupnená od mája 1955. V lete 2016 došlo k objavu nových priestorov, z aktuálnej celkovej dĺžky 3 027 m je sprístupnených 285 m.	Gombasecká jaskyňa bola prvým významným objavom skupiny dobrovoľných jaskyniarov z Rožňavy a v tom čase aj najväčšou úlohou Slovenskej speleologickej spoločnosti. Objavitelia pod vedením Viliama Rozložníka, Ladislava Herényiho st. a Štefana Rodu prehĺbili riečisko Čiernej vyvieračky a po znížení hladiny vody sa 21. novembra 1951 dostali do podzemných priestorov s bohatou výzdobou. Pre návštevníkov je sprístupnená od mája 1955. V lete 2016 došlo k objavu nových priestorov, z celkovej dĺžky je sprístupnených 285 m.
translation.json	gombaseckaParagraph2	eng	Gombasek Cave was the first major discovery of a group of volunteer cavers from Rožňava. The discoverers, led by Viliam Rozložník, Ladislav Herényi Sr., and Štefan Roda, deepened the bed of the Čierna Vyvieračka spring, and after the water level dropped, they entered richly decorated underground spaces on 21 November 1951. The cave has been open to visitors since May 1955. In the summer of 2016, new spaces were discovered, and of the current total length of 3,027 m, 285 m are accessible to the public.	Gombasek Cave was the first major discovery of a group of volunteer speleologists from Rožňava and, at the time, one of the key projects of the Slovak Speleological Society.\nUnder the leadership of Viliam Rozložník, Ladislav Herényi Sr., and Štefan Roda, the explorers deepened the channel of the Čierna Vyvieračka spring, and after lowering the water level, they entered richly decorated underground spaces on 21 November 1951.\nThe cave has been open to the public since May 1955. In the summer of 2016, new passages were discovered; today, 285 metres of the cave are accessible to visitors.
translation.json	gombaseckaParagraph2	hun	A Gombaszögi-barlang a rozsnyói önkéntes barlangkutatók csoportjának első jelentős felfedezése volt. A Viliam Rozložník, id. Ladislav Herényi és Štefan Roda vezette felfedezők kimélyítették a Fekete-forrás medrét, és a vízszint csökkenése után 1951. november 21-én jutottak be a gazdagon díszített föld alatti terekbe. A látogatók számára 1955 májusa óta van megnyitva. 2016 nyarán új járatokat fedeztek fel, a jelenlegi 3 027 m teljes hosszúságból 285 m látogatható.	A Gombaszögi-barlang volt a rozsnyói önkéntes barlangász csoportj első jelentős felfedezése és akkoriban a Szlovák Speleológiai Társaság legnagyobb feladata is. A felfedezők Viliam Rozložník, id. Herényi László és Roda István vezetésével elmélyítették a Fekete-forrás folyómedrét, és a vízszint csökkenése után 1951. november 21-én jutottak be a gazdagon díszített földalatti termekbe. 1955 májusa óta látogatható. 2016 nyarán új részeket fedeztek fel, a barlang teljes hosszából 285 m látogatható.
translation.json	gombaseckaParagraph3	svk	Vyniká mimoriadnou farebnosťou výzdoby, jedinečné sú tenké biele sintrové brčká, ktoré dosahujú dĺžku až 3 m pri hrúbke len 2–3 mm. Unikátom je prítomnosť jaskynného živočícha, mnohonôžky rodu Typhloiulus sp., ktorá je najväčším pravým jaskynným živočíchom žijúcim v slovenských jaskyniach. Vďaka priaznivým účinkom jaskynnej klímy bola od roku 1968 ako prvá jaskyňa na území Slovenska využívaná pri liečbe chorôb dýchacích ciest, pri jaskyni fungovalo aj speleolaboratórium.	Vyniká mimoriadnou farebnosťou výzdoby, jedinečné sú tenké biele sintrové brčká, ktoré dosahujú dĺžku až 3 m pri hrúbke len 2 – 3 mm. Unikátom je prítomnosť jaskynného živočícha – mnohonôžky rodu Typhloiulus sp., ktorá je najväčším pravým jaskynným živočíchom žijúcim v slovenských jaskyniach.
translation.json	gombaseckaParagraph3	eng	It stands out for the extraordinary colorfulness of its decoration; especially unique are the thin white soda-straw formations, reaching up to 3 m in length while being only 2–3 mm thick. Another rarity is the presence of the cave-dwelling millipede of the genus Typhloiulus, the largest true cave animal living in Slovak caves. Thanks to the beneficial effects of the cave climate, from 1968 it became the first cave in Slovakia used for the treatment of respiratory diseases, and a speleolaboratory also operated there.	The cave stands out for the remarkable colouration of its decoration; particularly notable are the slender white soda straws, which can reach up to 3 metres in length while measuring only 2–3 mm in diameter.\nA unique feature is the presence of the cave-dwelling millipede Typhloiulus sp., the largest true cave animal found in Slovak caves.
translation.json	gombaseckaParagraph3	hun	A barlang rendkívüli színgazdagságú képződményeiről híres, különlegesek a vékony fehér szalmacseppkövek, amelyek hossza akár a 3 m-t is elérheti, miközben vastagságuk csupán 2–3 mm. Különlegessége a Typhloiulus nemzetséghez tartozó soklábú jelenléte is, amely a szlovákiai barlangok legnagyobb valódi barlangi állata. A barlangi klíma kedvező hatásai miatt 1968-tól ez volt Szlovákia első barlangja, amelyet légúti betegségek kezelésére használtak, és itt speleolaboratórium is működött.	Kiemelkedő színességű díszítésével tűnik ki, egyedülállóak a vékony, fehér szalmacseppkővek, amelyek hossza eléri a 3 métert, vastagságuk pedig mindössze 2–3 mm. Egyedülálló a barlangi állat, a Typhloiulus sp. nemzetségbe tartozó százlábú jelenléte, amely a legnagyobb igazi barlangi állat a szlovák barlangokban.
translation.json	gombaseckaInfoLengthValue	svk	1 525 m	3 027 m
translation.json	gombaseckaInfoLengthValue	eng	1,525 m	3,027 m
translation.json	gombaseckaInfoLengthValue	hun	1 525 m	3 027 m
translation.json	jasovskaPageTitle	svk	Jasovská jaskyňa	Jasovská jaskyňa
translation.json	jasovskaPageTitle	eng	Jasov Cave	Jasovská jaskyňa
translation.json	jasovskaParagraph1	svk	Rozsiahla viacúrovňová jaskyňa s bohatou kvapľovou výzdobou vytvorená v strednotriasových gutensteinských dolomitoch a svetlých steinalmských vápencoch a dolomitoch. Nachádza sa na okraji obce Jasov v severovýchodnej časti Národného parku Slovenský kras v masíve Jasovskej skaly.	Labyrint siení, dómov a chodieb s dĺžkou takmer 4 km v Jasovskej skale s bohatou kvapľovou výzdobou, vytvorený v strednotriasových gutensteinských dolomitoch a svetlých steinalmských vápencoch a dolomitoch. Nachádza sa na okraji obce Jasov v severovýchodnej časti Národného parku Slovenský kras.
translation.json	jasovskaParagraph1	eng	An extensive multi-level cave with rich dripstone decoration, formed in Middle Triassic Gutenstein dolomites and light Steinalm limestones and dolomites. It is located on the edge of the village of Jasov in the northeastern part of the Slovak Karst National Park, in the Jasov Rock massif.	A labyrinth of halls, domes, and passages with a total length of almost 4 km, located in the Jasovská Rock and richly decorated with speleothems.\nThe cave was formed in Middle Triassic Gutenstein dolomites and light Steinalm limestones and dolomites, on the edge of the village of Jasov in the northeastern part of the Slovak Karst National Park.
translation.json	jasovskaParagraph1	hun	Kiterjedt, többszintes barlang gazdag cseppkődíszítéssel, amely középső triász kori gutensteini dolomitokban, valamint világos steinalmi mészkövekben és dolomitokban alakult ki. Jászó község szélén található, a Szlovák-karszt Nemzeti Park északkeleti részén, a Jászói-szikla tömbjében.	A Jászói sziklában található, csaknem 4 km hosszú, gazdag cseppkődíszítéssel rendelkező folyosók, termek és járatok labirintusa, amely a középső triász kori Gutensteini dolomitokban, valamint a világos színű Steinalmi mészkövekben és dolomitokban alakult ki. Jászó település szélén, a Szlovák-karszt Nemzeti Park északkeleti részén található.
translation.json	jasovskaParagraph2	svk	Početné archeologické nálezy dokazujú jej praveké osídlenie, v jaskyni sa našli okrem pozostatkov bukovohorskej kultúry aj predmety z halštatskej a rímskej doby. V stredoveku a novoveku počas období vojen a povstaní viackrát poslúžila pre okolitých obyvateľov ako úkryt. O dlhodobej prítomnosti človeka svedčí množstvo historických nápisov a kresieb, najstarší datovaný nápis pochádza z roku 1452. Prvýkrát sprístupnená v roku 1846 jasovskými premonštrátmi, opätovné sprístupnenie, podrobnejší výskum a vybudovanie elektrického osvetlenia jaskyne bolo realizované v medzivojnovom období. Z celkovo známej dĺžky jaskyne 2 811 m je v súčasnosti sprístupnených 550 m.	Početné archeologické nálezy dokazujú jej praveké osídlenie. V jaskyni sa okrem pozostatkov bukovohorskej kultúry našli aj predmety z halštatskej a rímskej doby. V stredoveku a novoveku, počas období vojen a povstaní, viackrát poslúžila okolitým obyvateľom ako úkryt. O dlhodobej prítomnosti človeka svedčí množstvo historických nápisov a kresieb; najstarší datovaný nápis pochádza z roku 1452.
translation.json	jasovskaParagraph2	eng	Numerous archaeological finds prove its prehistoric settlement; in addition to remains of the Bükk culture, objects from the Hallstatt and Roman periods were also found in the cave. During the Middle Ages and modern era, in times of wars and uprisings, it repeatedly served as a shelter for local inhabitants. Long-term human presence is evidenced by many historical inscriptions and drawings, the oldest dated inscription coming from the year 1452. It was first opened to the public in 1846 by the Premonstratensians of Jasov; its reopening, more detailed exploration, and installation of electric lighting were carried out in the interwar period. Of the cave’s total known length of 2,811 m, 550 m is currently accessible.	Numerous archaeological finds attest to prehistoric settlement of the cave. In addition to remains of the Bükk culture, artefacts from the Hallstatt period and the Roman era have also been discovered.\nDuring the Middle Ages and the early modern period, particularly in times of wars and uprisings, the cave repeatedly served as a refuge for local inhabitants.\nThe long-term human presence is evidenced by numerous historical inscriptions and drawings; the oldest dated inscription comes from 1452.
translation.json	jasovskaParagraph2	hun	Számos régészeti lelet bizonyítja őskori lakottságát; a barlangban a bükki kultúra maradványai mellett hallstatt kori és római kori tárgyakat is találtak. A középkorban és az újkorban háborúk és felkelések idején többször is menedékként szolgált a környék lakói számára. Az ember hosszú távú jelenlétét számos történelmi felirat és rajz bizonyítja, a legrégebbi keltezett felirat 1452-ből származik. Először 1846-ban tették látogathatóvá a jászói premontreiek, az újbóli megnyitás, a részletesebb kutatás és az elektromos világítás kiépítése a két világháború közötti időszakban valósult meg. A barlang teljes ismert hosszából, amely 2 811 m, jelenleg 550 m látogatható.	Számos régészeti lelet bizonyítja, hogy a barlangot már az őskorban lakták. A barlangban a bükki kultúra maradványai mellett a hallstatti és a római korszakból származó tárgyakat is találtak. A középkorban és az újkorban, a háborúk és felkelések idején többször is menedékként szolgált a környék lakói számára. Az ember hosszú távú jelenlétét számos történelmi felirat és rajz tanúsítja, a legrégebbi felirat 1452-ből származik.
translation.json	jasovskaParagraph3	svk	Významné zimovisko netopierov, zistená bola prítomnosť 19 druhov. Nájdené tu boli kostrové pozostatky jaskynného medveďa a jaskynnej hyeny. Okrem turistického využitia je využívaná aj pri speleoterapii.	Prvýkrát bola sprístupnená v roku 1846 jasovskými premonštrátmi. Opätovné sprístupnenie, podrobnejší výskum a vybudovanie elektrického osvetlenia jaskyne boli realizované v medzivojnovom období. Z celkovej známej dĺžky je v súčasnosti sprístupnených 550 m.
translation.json	jasovskaParagraph3	eng	It is an important wintering site for bats, with the presence of 19 species recorded. Skeletal remains of the cave bear and cave hyena were also found here. Besides tourism, it is also used for speleotherapy.	The cave was first opened to the public in 1846 by the Premonstratensian monks of Jasov. It was later reopened, further explored, and equipped with electric lighting during the interwar period.\nOf the total known length 550 metres are currently accessible to visitors.
translation.json	jasovskaParagraph3	hun	Jelentős denevértelelőhely, ahol 19 faj jelenlétét mutatták ki. Itt találták meg a barlangi medve és a barlangi hiéna csontmaradványait is. A turisztikai hasznosítás mellett speleoterápiára is használják.	Már 1846-ban lett először megnyitva a látogatók számára a jászói premonstrei rend által. A barlang újbóli megnyitását, a részletesebb kutatásokat és a villanyvilágítás kiépítését a két világháború közötti időszakban hajtották végre. A barlang ismert hosszából jelenleg 550 méter látogatható.
translation.json	jasovskaInfoLengthValue	svk	2 811 m	3 924 m
translation.json	jasovskaInfoLengthValue	eng	2,811 m	3,924 m
translation.json	jasovskaInfoLengthValue	hun	2 811 m	3 924 m
translation.json	krasnohorskaPageTitle	svk	Krásnohorská jaskyňa	Krásnohorská jaskyňa
translation.json	krasnohorskaPageTitle	eng	Krásnohorská Cave	Krásnohorská jaskyňa
translation.json	krasnohorskaPageTitle	hun	Krásnohorská-barlang	Buzgó-barlang
translation.json	krasnohorskaParagraph1	svk	Aktívna riečna jaskyňa vytvorená podzemným tokom Buzgó a jeho prítokmi, ktoré odvodňujú severnú časť najrozsiahlejšej planiny Slovenského krasu. Vznikla na mieste výraznej tektonickej poruchy v gutensteinských dolomitoch, sčasti v svetlosivých steinalmských vápencoch, na severnom úpätí Silickej planiny, v blízkosti obce Krásnohorská Dlhá Lúka.	Aktívna riečna jaskyňa, vytvorená podzemným tokom Buzgó a jeho prítokmi, ktoré odvodňujú severnú časť najrozsiahlejšej planiny Slovenského krasu. Vznikla na mieste výraznej tektonickej poruchy v gutensteinských dolomitoch, sčasti aj v svetlosivých steinalmských vápencoch, na severnom úpätí Silickej planiny v blízkosti obce Krásnohorská Dlhá Lúka.
translation.json	krasnohorskaParagraph1	eng	An active river cave formed by the underground stream Buzgó and its tributaries, which drain the northern part of the largest plateau of the Slovak Karst. It originated along a significant tectonic fault in Gutenstein dolomites, partly in light grey Steinalm limestones, at the northern foot of the Silica Plateau, near the village of Krásnohorská Dlhá Lúka.	An active river cave formed by the underground Buzgó stream and its tributaries, which drain the northern part of the largest plateau of the Slovak Karst.\nIt was developed along a major tectonic fault in Gutenstein dolomites and partly in light grey Steinalm limestones, at the northern foothills of the Silica Plateau near Krásnohorská Dlhá Lúka village.
translation.json	krasnohorskaParagraph1	hun	Aktív folyóvízi barlang, amelyet a Buzgó patak és mellékágai alakítottak ki, és amelyek a Szlovák-karszt legnagyobb fennsíkjának északi részét víztelenítik. Jelentős tektonikus törés mentén jött létre gutensteini dolomitokban, részben világosszürke steinalmi mészkövekben, a Szilicei-fennsík északi lábánál, Krásnohorská Dlhá Lúka közelében.	Aktív folyami barlang, amelyet a Buzgó földalatti folyó és mellékfolyói alakítottak ki. A Szlovák-Karszt legkiterjedtebb fennsíkának északi részéről vezeti el a vizet. A barlang a Gutensteini dolomitokban, részben pedig a világosszürke Steinalmi mészkövekben, jelentős tektonikai törésvonalán alakult ki. A Szilicei-fennsík északi lábánál található, Várhosszúrét községtől keletre helyezkedik el.
translation.json	krasnohorskaParagraph2	svk	Jej objav bol ďalším významným úspechom skupiny jaskyniarov z Rožňavy a okolia, ktorí vstúpili do jej priestorov v júni 1964 po znížení vody vo vyvieračke Buzgó a rozšírení vstupnej pukliny. Aj keď bola kvôli uľahčeniu prístupu vyrazená umelá štôlňa, k plánovanému sprístupneniu jaskyne došlo až v roku 2004 turistickou formou. V porovnaní s ostatnými sprístupnenými jaskyňami tu návštevníci značnú časť prehliadkovej trasy s dĺžkou 450 m prekonávajú pri svetle čeloviek nad podzemným tokom po drevených chodníkoch, rebríkoch a lanovom traverze.	Jej objav bol ďalším významným úspechom skupiny jaskyniarov z Rožňavy a okolia, ktorí vstúpili do jej priestorov v júni 1964 po znížení hladiny vody vo vyvieračke Buzgó a rozšírení vstupnej pukliny. Aj keď bola kvôli uľahčeniu prístupu vyrazená umelá štôlňa, k plánovanému sprístupneniu jaskyne došlo až v roku 2004, a to turistickou formou. V porovnaní s ostatnými sprístupnenými jaskyňami tu návštevníci značnú časť prehliadkovej trasy s dĺžkou 450 m prekonávajú pri svetle čeloviek nad podzemným tokom po drevených chodníkoch, rebríkoch a lanovom traverze.
translation.json	krasnohorskaParagraph2	eng	Its discovery was another major success of a group of cavers from Rožňava and the surrounding area, who entered its spaces in June 1964 after lowering the water level at the Buzgó spring and widening the entrance fissure. Although an artificial tunnel was created to facilitate access, the cave was only opened to the public in 2004. Compared to other accessible caves, visitors here traverse a significant part of the 450 m tour route by headlamp light above the underground stream using wooden walkways, ladders, and rope traverses.	Its discovery was another major achievement of a group of speleologists from Rožňava and the surrounding area, who entered the cave in June 1964 after lowering the water level at the Buzgó spring and widening the entrance fissure.\nAlthough an artificial adit was later excavated to facilitate access, the cave was not opened to visitors until 2004, and even then in a more adventurous, non-standard form.\nCompared to other show caves, visitors cover a significant part of the 450-metre tour route by headlamp, moving above the underground stream along wooden walkways, ladders, and a rope traverse.
translation.json	krasnohorskaParagraph2	hun	Felfedezése a rozsnyói és környékbeli barlangkutatók csoportjának újabb jelentős sikere volt, akik 1964 júniusában jutottak be a barlangba a Buzgó forrás vízszintjének csökkentése és a bejárati hasadék kibővítése után. Bár a könnyebb megközelítés érdekében mesterséges tárót vájtak, a barlangot csak 2004-ben nyitották meg turisztikai célokra. Más látogatható barlangokkal összehasonlítva a látogatók a 450 m hosszú útvonal jelentős részét fejlámpával, a föld alatti patak felett fa járdákon, létrákon és kötélpályán teszik meg.	A felfedezése a rozsnyói csoport barlangászainak újabb jelentős sikere, akik 1964 júniusában léptek be először a barlangba. Ezt a sikert a töbhónapos nehéz munka után a Buzgó-forrás vízszintjének csökkentésével és a bejárati hasadék kiszélesísével lehetett elérni. Bár a könnyebb megközelítés érdekében mesterséges járatot is vájtak, a barlang tervezett megnyitására csak 2004-ben került sor. A többi látogatható barlanghoz képest itt a látogatók a 450 méter hosszú túraútvonal jelentős részét fejlámpák fényénél, a föld alatti patak felett, fa járdákon, létrákon és kötélhídon haladva teszik meg.
translation.json	krasnohorskaParagraph3	svk	Po úvodnom úseku, bez výraznejšej výzdoby, tvorenom dlhou puklinovou chodbou s názvom Veľký kaňon, nasleduje sústava 8 mohutných dómov. Tieto priestory majú hodnotnú výzdobu, jedinečné sú rozmanité excentrické heliktity a koralovité útvary s mangánovým povlakom. Dominantou jaskyne je Sieň obrov s 34 m vysokým Kvapľom rožňavských jaskyniarov, ktorý zaraďujeme medzi najväčšie sintrové útvary v Európe.	Po úvodnom úseku bez výraznejšej výzdoby, tvoreného dlhou puklinovou chodbou s názvom Veľký kaňon, nasleduje sústava ôsmich mohutných dómov. Tieto priestory majú hodnotnú výzdobu; jedinečné sú rozmanité excentrické heliktity a koralovité útvary s mangánovým povlakom. Dominantou jaskyne je Sieň obrov s 34 m vysokým Kvapľom rožňavských jaskyniarov, ktorý patrí medzi najväčšie sintrové útvary v Európe.
translation.json	krasnohorskaParagraph3	eng	After the initial section, without significant decoration and formed by a long fissure corridor called the Great Canyon, a system of eight massive halls follows. These spaces feature valuable decoration, including unique eccentric helictites and coral-like formations with a manganese coating. The dominant feature of the cave is the Hall of Giants with the 34 m high stalagmite of the Rožňava cavers, ranked among the largest sinter formations in Europe.	After an initial section with little decoration, formed by a long fissure passage known as the Great Canyon, the cave opens into a system of eight massive domes.\nThese spaces feature valuable decoration, including unique eccentric helictites and coral-like formations coated with manganese.\nThe dominant feature of the cave is the Hall of Giants, home to the 34-metre-high Dripstone of Rožňava Cavers, one of the largest speleothem formations in Europe.
translation.json	krasnohorskaParagraph3	hun	A kezdeti, kevésbé díszített szakasz után, amely egy hosszú hasadékfolyosóból áll, Nagy-kanyon néven, 8 hatalmas terem rendszere következik. Ezek a terek értékes díszítéssel rendelkeznek, különlegesek a különféle excentrikus heliktitek és mangánbevonatú korallszerű képződmények. A barlang fő látványossága az Óriások terme a 34 m magas Rozsnyói cseppkővel, amely Európa legnagyobb cseppkőképződményei közé tartozik.	A Nagy Kanyon nevű hosszú hasadékfolyosóból álló, díszítés szempontjából kevésbé érdekes bevezető szakasz után nyolc hatalmas terem következik. Ezek a termek értékes díszítéssel rendelkeznek, egyedülállóak a változatos, excentrikus heliktitek és a mangánbevonatú korallszerű képződmények. A barlang domináns része az Óriások terme a 34 méter magas Rozsnyói barlangászok cseppkőjével, amely Európa legnagyobb cseppkő-képződményei közé tartozik.
translation.json	ochtinskaPageTitle	svk	Ochtinská aragonitová jaskyňa	Ochtinská aragonitová jaskyňa
translation.json	ochtinskaPageTitle	eng	Ochtinská Aragonite Cave	Ochtinská aragonitová jaskyňa
translation.json	ochtinskaPageTitle	hun	Ochtinai aragonitbarlang	Ochtinai-aragonit-barlang
translation.json	ochtinskaParagraph1	svk	Najvýznamnejšia z jaskýň Revúckej vrchoviny zaujme mimoriadne rozmanitou a bohatou výzdobou tvorenou aragonitom. Nachádza sa v severnom svahu vrchu Hrádok medzi Štítnikom a Jelšavou. Jaskyňa vznikla v šošovke kryštalických vápencov a ankeritov z obdobia prvohôr koróznou činnosťou podzemnej vody.	Najvýznamnejšia z jaskýň Revúckej vrchoviny zaujme mimoriadne rozmanitou a bohatou výzdobou, tvorenou aragonitom. Nachádza sa na severnom svahu vrchu Hrádok medzi Štítnikom a Jelšavou. Jaskyňa vznikla v šošovke kryštalických vápencov a ankeritov z obdobia prvohôr koróznou činnosťou presakujúcich vôd s občasne stabilnou podzemnou hladinou.
translation.json	ochtinskaParagraph1	eng	The most important cave of the Revúca Highlands is notable for its extraordinarily diverse and rich aragonite decoration. It is located on the northern slope of Hrádok Hill between Štítnik and Jelšava. The cave was formed in a lens of crystalline limestones and ankerites from the Paleozoic era by the corrosive activity of underground water.	The most important cave of the Revúca Highlands impresses with its exceptionally diverse and rich decoration formed by aragonite.\nIt is located on the northern slope of Hrádok Hill, between Štítnik and Jelšava.\nThe cave developed within a lens of crystalline limestones and ankerites of Paleozoic age, formed by the corrosive action of percolating waters with a periodically stable underground water level.
translation.json	ochtinskaParagraph1	hun	A Revúcka-felföld legjelentősebb barlangja rendkívül változatos és gazdag aragonitképződményeivel tűnik ki. A Hrádok-hegy északi lejtőjén található, Csetnek és Jolsva között. A barlang az ősidőkből származó kristályos mészkő és ankerit lencséjében alakult ki a felszín alatti vizek korróziós tevékenysége révén.	A Rőcei-hegység legjelentősebb barlangja rendkívül változatos és gazdag, aragonit díszítésével vonzza a látogatókat. A barlang a Hrádek-hegy északi lejtőjén, Csetnek és Jolsva között található. A barlang a paleozoikum korszakból származó kristályos mészkövek és ankeritok lencséjében keletkezett, az időnként stabil felszín alatti vízszintű beszivárgó vizek korrozív hatásának eredményeként.
translation.json	ochtinskaParagraph2	svk	Objavili ju koncom roka 1954 náhodne baníci počas razenia štôlne pri geologickom prieskume ložísk železnej rudy v lokalite Horný Hrádok. Pre verejnosť bola otvorená v roku 1972. Prehliadková trasa s dĺžkou 230 m je prístupná umelo vyrazenou štôlňou.	Objavili ju koncom roka 1954 náhodne baníci počas razenia štôlne pri geologickom prieskume ložísk železnej rudy v lokalite Horný Hrádok. Pre verejnosť bola sprístupnená v roku 1972. Prehliadková trasa s dĺžkou 230 m je prístupná umelo vyrazenou štôlňou.
translation.json	ochtinskaParagraph2	eng	It was discovered by chance at the end of 1954 by miners while driving an adit during geological exploration of iron ore deposits in the Horný Hrádok area. It was opened to the public in 1972. The 230 m long tour route is accessible through an artificially excavated adit.	The cave was discovered at the end of 1954 by miners during the excavation of an adit as part of geological exploration for iron ore deposits at the Horný Hrádok.\nIt was opened to the public in 1972.\nThe 230-metre-long tour route is accessed via an artificially excavated adit.
translation.json	ochtinskaParagraph2	hun	1954 végén véletlenül fedezték fel bányászok egy táró hajtása közben, a Horný Hrádok térségében végzett vasérclelőhely-kutatás során. A nyilvánosság számára 1972-ben nyitották meg. A 230 m hosszú látogatói útvonal egy mesterségesen kialakított tárón keresztül érhető el.	A Felső Hrádek környékén vasérc-telepek geológiai kutatása során, 1954 végén fedezték fel véletlenül a bányászok. 1972-ben nyitották meg a nyilvánosság számára. A 230 méter hosszú látogatói útvonal egy mesterségesen kialakított járaton keresztül érhető el.
translation.json	ochtinskaParagraph3	svk	Výzdoba pozostáva z troch generácií aragonitu, najstaršie obličkovité útvary majú vek približne 140-tisíc rokov, najpočetnejšia a vizuálne najatraktívnejšia je druhá generácia datovaná na 14-tisíc rokov, najmladšia sa stále tvorí. Snehobiele aragonitové trsy a kríčky vynikajú na modrosivom mramorovom podklade. Špecifická výzdoba je pravdepodobne výsledkom jedinečnými podmienok v uzavretých podzemných priestoroch jaskyne.	Výzdoba pozostáva z troch generácií aragonitu. Najstaršie obličkovité útvary majú vek takmer 140 tisíc rokov, najpočetnejšia a vizuálne najatraktívnejšia je druhá generácia datovaná na 14 tisíc rokov, najmladšia sa stále tvorí. Snehobiele aragonitové trsy a kríčky vynikajú na modrosivom mramorovom podklade. Špecifická výzdoba je pravdepodobne výsledkom jedinečných podmienok v uzavretých podzemných priestoroch jaskyne.
translation.json	ochtinskaParagraph3	eng	The decoration consists of three generations of aragonite. The oldest kidney-shaped formations are about 140 thousand years old, the most abundant and visually most attractive is the second generation dated to 14 thousand years, and the youngest is still forming. Snow-white aragonite clusters and bush-like forms stand out against the blue-grey marble background. This specific decoration is probably the result of unique conditions in the cave’s enclosed underground spaces.	The decoration consists of three generations of aragonite. The oldest, kidney-shaped formations are about 140,000 years old; the most abundant and visually striking second generation dates to around 14,000 years, while the youngest is still forming today.\nSnow-white clusters and bush-like formations of aragonite stand out against a blue-grey marble background.\nThis distinctive decoration is likely the result of unique conditions within the cave’s enclosed underground environment.
translation.json	ochtinskaParagraph3	hun	A díszítés három aragonitgenerációból áll: a legrégebbi veseszerű képződmények körülbelül 140 ezer évesek, a leggyakoribb és vizuálisan leglátványosabb a második, mintegy 14 ezer éves generáció, míg a legfiatalabb ma is képződik. A hófehér aragonitcsomók és bokorszerű alakzatok különösen jól érvényesülnek a kékesszürke márványos alapkőzeten. Ez a sajátos díszítés valószínűleg a barlang zárt föld alatti tereiben uralkodó egyedi feltételek eredménye.	A díszítést az aragonit három generációja alkotja. A legrégebbi vese alakú képződmények körülbelül 140 ezer évesek, a leggazdagabb és vizuálisan legvonzóbb a 14 ezer évre datált második generáció, a legfiatalabb pedig még mindig kialakulóban van. A hófehér aragonitcsomók és bokor formájú képződmények kiemelkednek a kékes-szürke márvány alapon. A jellegzetes díszítés valószínűleg a barlang zárt földalatti tereinek egyedülálló körülményeinek eredménye.
translation.json	ochtinskaInfoLengthValue	svk	300 m	585 m
translation.json	ochtinskaInfoLengthValue	eng	300 m	585 m
translation.json	ochtinskaInfoLengthValue	hun	300 m	585 m
translation.json	ochtinskaInfoAgeValue	hun	121 000 – 138 000 év	121 000 – 138 000 rokov
translation.json	ochtinskaInfoCountLabel	svk	Počet sprístupnených aragonitových jaskýň na svete	Počet aragonitových jaskýň na svete (sprístupnených)
translation.json	ochtinskaInfoCountLabel	eng	Number of accessible aragonite caves in the world	Number of aragonite caves in the world (open to the public)
translation.json	ochtinskaInfoCountLabel	hun	A világon látogatható aragonitbarlangok száma	A világon található (látogatható) aragonitbarlangok száma
translation.json	ochtinskaInfoCountValue	svk	16	len 5
translation.json	ochtinskaInfoCountValue	eng	16	only 5
translation.json	ochtinskaInfoCountValue	hun	16	csak 5
translation.json	silickaPageTitle	svk	Silická ľadnica	Silická ľadnica
translation.json	silickaPageTitle	eng	Silica Ice Cave	Silická ľadnica
translation.json	silickaPageTitle	hun	Szilicsei-jégbarlang	Szilicei-jégbarlang
translation.json	silickaParagraph1	svk	Najnižšie položená jaskyňa v miernom klimatickom pásme sa nachádza v centrálnej časti Silickej planiny, približne 1 km západne od obce Silica. Tvorí súčasť rozsiahleho Silicko-gombaseckého jaskynného systému, ktorého väčšia časť je doposiaľ neznáma.	Najnižšie položená ľadová jaskyňa v miernom klimatickom pásme sa nachádza v centrálnej časti Silickej planiny, približne 1 km západne od obce Silica. Tvorí súčasť rozsiahleho silicko-gombaseckého jaskynného systému, ktorého väčšia časť je doposiaľ neznáma.
translation.json	silickaParagraph1	eng	The lowest-altitude ice cave in the temperate climate zone is located in the central part of the Silica Plateau, about 1 km west of the village of Silica. It is part of the extensive Silica–Gombasek cave system, most of which still remains unknown.	The lowest lying ice-filled cave in the temperate climate zone is located in the central part of the Silická Plateau, approximately 1 km west of the village of Silica.\nIt forms part of the extensive Silica–Gombasek cave system, most of which remains unexplored.
translation.json	silickaParagraph1	hun	A mérsékelt égöv legalacsonyabban fekvő jégbarlangja a Szilicei-fennsík központi részén található, mintegy 1 km-re nyugatra Szilice községtől. A kiterjedt Szilice–gombaszögi barlangrendszer része, amelynek nagyobb része mindmáig ismeretlen.	A mérsékelt éghajlati övezetben található legalacsonyabban fekvő jégbarlang a Szilicei-fennsík középső részében, Szilicetől körülbelül 1 km-re nyugatra helyezkedik el. A kiterjedt Szilice–gombaszögi barlangrendszer részét képezi, amelynek nagy része a mai napig ismeretlen.
translation.json	silickaParagraph2	svk	Mohutná vstupná časť, ktorá vznikla prepadnutím stropu je známa oddávna, jej prvé opisy a náčrty pochádzajú z 18. storočia. Ľahko prístupný zaľadnený priestor lákal návštevníkov a slúžil ako prirodzená zásobáreň ľadu. Spodná nezaľadnená časť jaskyne bola objavená po prekopaní závalu na dne Jánom Majkom v roku 1931. Pravá sieň bohatá na archeologické nálezy, Archeologický dóm je významným náleziskom doby kamennej a bronzovej, osídlenie pochádza z doby pred zaľadnením. Niektoré z nájdených predmetov sú prezentované aj v tejto expozícii. Prieskum ďalších priestorov realizovali speleopotápači náročným prekonávaním sifónov podzemného toku.	Mohutná vstupná časť, ktorá vznikla prepadnutím stropu, je známa oddávna, jej prvé opisy a náčrty pochádzajú z 18. storočia. Ľahko prístupný zaľadnený priestor lákal návštevníkov a slúžil ako prirodzená zásobáreň ľadu. Spodná nezaľadnená časť jaskyne bola objavená po prekopaní závalu na dne Jánom Majkom v roku 1931. Prvá sieň bohatá na archeologické nálezy, Archeologický dóm, je významným náleziskom doby kamennej a bronzovej, osídlenie pochádza z doby pred zaľadnením. Niektoré z nájdených predmetov sú prezentované aj v tejto expozícii. Prieskum ďalších priestorov realizovali speleopotápači náročným prekonávaním sifónov podzemného toku.
translation.json	silickaParagraph2	eng	The massive entrance part, formed by the collapse of the dome ceiling, has long been known, with its first descriptions and sketches dating from the 18th century. The easily accessible ice-filled space attracted visitors and served as a natural ice storehouse. The lower, non-iced part of the cave was discovered by Ján Majko in 1931 after digging through the collapse at the bottom. The right hall rich in archaeological finds, the Archaeological Dome, is an important Stone and Bronze Age site, with settlement dating from before the icing period. Some of the discovered objects are also presented in this exhibition. Exploration of further spaces was carried out by cave divers through the difficult crossing of underground stream siphons.	The large entrance chamber, formed by the collapse of the cave ceiling, has been known since ancient times; the first descriptions and sketches date back to the 18th century.\nThe easily accessible ice-filled space attracted visitors and served as a natural source of ice.\nThe lower, non-glaciated part of the cave was discovered in 1931 by Ján Majko after clearing a collapse at the bottom.\nThe first chamber rich in archaeological finds—the Archaeological Dome—is an important site from the Stone Age and the Bronze Age, with evidence of settlement predating the glaciation. Some of the discovered artefacts are also presented in this exhibition.\nFurther exploration of the cave was carried out by cave divers, who overcame the siphons of the underground stream under demanding conditions.
translation.json	silickaParagraph2	hun	A hatalmas bejárati rész, amely a mennyezet beszakadásával keletkezett, régóta ismert, első leírásai és rajzai a 18. századból származnak. A könnyen megközelíthető eljegesedett tér vonzotta a látogatókat, és természetes jégraktárként szolgált. A barlang alsó, jégmentes részét 1931-ben fedezte fel Ján Majko, miután áttörte az omladékot az alján. A régészeti leletekben gazdag jobb oldali terem, az Archeológiai-dóm, a kő- és bronzkor jelentős lelőhelye, a megtelepedés a jegesedés előtti időből származik. A megtalált tárgyak egy része ebben a kiállításban is látható. A további járatok feltárását barlangi búvárok végezték a föld alatti vízfolyás szifonjainak nehéz leküzdésével.	A mennyezet beomlásával kialakult hatalmas bejárati rész már régóta ismert, első leírásai és vázlatai a 18. századból származnak. A könnyen megközelíthető, jéggel borított tér vonzotta a látogatókat, és természetes jégtárolóként szolgált. A barlang alsó, jégmentes részét 1931-ben fedezte fel Ján Majko, miután átásta a fenéken lévő omladékot. Az első, régészeti leletekben gazdag terem, az Archeológiai terem a kőkorszak és a bronzkorszak jelentős lelőhelye, a település a jégkorszak előtti időből származik. A leletek közül néhányat a tárlatban is bemutatunk. A további részek feltárását barlang búvárok végezték, akik a földalatti folyó szifonjait nagy nehézségek árán győzték le.
translation.json	silickaParagraph3	eng	A consequence of the icing is the inversion of fauna and flora and the related presence of cold-loving species. The underground spaces of Silica Ice Cave are not accessible to the public, but the entrance part with ice decoration can be viewed from an observation terrace.	Glaciation has led to an inversion of fauna and flora, resulting in the presence of cold-adapted species.\nThe underground spaces of the Silica Ice Cave are not accessible to the public; however, the ice-decorated entrance section can be viewed from an observation terrace.
translation.json	silickaParagraph3	hun	Az eljegesedés következménye a fauna és a flóra inverziója, valamint az ehhez kapcsolódó hidegkedvelő fajok jelenléte. A Szilicsei-jégbarlang föld alatti terei nem látogathatók, az ice-díszítéses bejárati részre kilátóteraszról lehet betekinteni.	A jégképződés következtében a növény- és állatvilág összetétele megváltozott, és ezzel együtt hidegkedvelő fajok jelentek meg. A barlang földalatti részeit a nyilvánosság nem látogathatja, a jégdíszítéssel ellátott bejárati része azonban a kilátóteraszról megtekinthető.
translation.json	silickaInfoLengthValue	svk	1 100 m	2 300 m
translation.json	silickaInfoLengthValue	eng	1,100 m	2,300 m
translation.json	silickaInfoLengthValue	hun	1 100 m	2 300 m
